﻿pos_x,pos_y,rotation,side,designator,mpn,pack,footprint,value,mount_type
138.2051,-69.3525,-90.0,bottom,BT1,,,BatteryHolder_Keystone_3xAA,BatteryHolder,tht
116.29,-142.8151,0.0,bottom,BT2,,,Battery_Panasonic_CR2032-HFN_Horizontal_CircularHoles,Battery Cell,tht
122.26,-112.88,180.0,top,C1,,,C_Disc_D3.4mm_W2.1mm_P2.50mm,100pf,tht
180.0,-100.38,0.0,top,C2,,,CP_Radial_D8.0mm_P3.50mm,470uf,tht
162.275,-85.12,-90.0,top,C3,,,C_Disc_D4.7mm_W2.5mm_P5.00mm,0.1uF,tht
116.0,-100.38,0.0,top,C4,,,CP_Radial_D8.0mm_P3.50mm,470uf,tht
166.775,-90.12,90.0,top,C5,,,C_Disc_D4.7mm_W2.5mm_P5.00mm,0.1uF,tht
132.775,-89.12,90.0,top,C6,,,C_Disc_D4.7mm_W2.5mm_P5.00mm,0.1uF,tht
175.775,-116.62,180.0,top,C7,,,C_Disc_D4.7mm_W2.5mm_P5.00mm,0.1uF,tht
129.775,-128.62,90.0,top,C8,,,C_Disc_D4.7mm_W2.5mm_P5.00mm,0.1uF,tht
166.355,-138.12,180.0,top,D1,,,D_DO-41_SOD81_P10.16mm_Horizontal,1N5817,tht
140.69,-138.12,0.0,top,D2,,,D_DO-41_SOD81_P10.16mm_Horizontal,1N5817,tht
140.77,-145.12,0.0,top,D3,,,D_DO-41_SOD81_P10.16mm_Horizontal,1N5817,tht
114.0,-151.31,90.0,top,D4,,,D_DO-35_SOD27_P7.62mm_Horizontal,1N4148,tht
163.721,-152.5668,90.0,bottom,J1,,,Converter_DCDC_STepUp5V10.5x11_THT,5V DC-DC StepUp,tht
170.425,-153.1068,0.0,bottom,J2,,,CH340N SOP8 USB-zu-TTL-Modul,CH340N SOP8 USB to TTL,tht
142.695,-152.12,90.0,top,J3,,,PinHeader_1x05_P2.54mm_Vertical,Connector,tht
133.77,-63.04,180.0,top,LED1,,,LED_D3.0mm,WHITE,tht
139.54,-63.04,180.0,top,LED2,,,LED_D3.0mm,RED,tht
145.54,-63.04,180.0,top,LED3,,,LED_D3.0mm,ORANGE,tht
151.54,-63.04,180.0,top,LED4,,,LED_D3.0mm,YELLOW,tht
157.54,-63.04,180.0,top,LED5,,,LED_D3.0mm,GREEN,tht
163.54,-63.04,180.0,top,LED6,,,LED_D3.0mm,BLUE,tht
169.04,-63.04,180.0,top,LED7,,,LED_D3.0mm,WHITE,tht
183.27,-108.0,180.0,top,LED8,,,LED_D3.0mm,Power,tht
164.775,-126.12,180.0,bottom,LuisLogo2,,,LuisLogoInv,LuisLogo,tht
176.815,-135.12,180.0,top,R1,,,R_Axial_DIN0204_L3.6mm_D1.6mm_P5.08mm_Horizontal,10K,tht
149.7051,-78.0725,90.0,bottom,R10,,,R_Axial_DIN0204_L3.6mm_D1.6mm_P5.08mm_Horizontal,0-560R,tht
160.7051,-78.1525,90.0,bottom,R11,,,R_Axial_DIN0204_L3.6mm_D1.6mm_P5.08mm_Horizontal,0-560R,tht
172.2051,-78.0725,90.0,bottom,R12,,,R_Axial_DIN0204_L3.6mm_D1.6mm_P5.08mm_Horizontal,0-560R,tht
182.4563,-78.0725,90.0,bottom,R13,,,R_Axial_DIN0204_L3.6mm_D1.6mm_P5.08mm_Horizontal,0-560R,tht
177.01,-104.88,-90.0,top,R14,,,R_Axial_DIN0204_L3.6mm_D1.6mm_P5.08mm_Horizontal,1K2,tht
130.91,-107.46,90.0,top,R2,,,R_Axial_DIN0204_L3.6mm_D1.6mm_P5.08mm_Horizontal,3K3,tht
137.01,-107.46,90.0,top,R3,,,R_Axial_DIN0204_L3.6mm_D1.6mm_P5.08mm_Horizontal,3K3,tht
134.01,-102.38,-90.0,top,R4,,,R_Axial_DIN0204_L3.6mm_D1.6mm_P5.08mm_Horizontal,3K3,tht
148.43,-141.62,180.0,top,R5,,,R_Axial_DIN0204_L3.6mm_D1.6mm_P5.08mm_Horizontal,46R,tht
161.9301,-92.8529,0.0,top,R6,,,R_Axial_DIN0204_L3.6mm_D1.6mm_P5.08mm_Horizontal,10K,tht
117.2604,-78.0725,90.0,bottom,R7,,,R_Axial_DIN0204_L3.6mm_D1.6mm_P5.08mm_Horizontal,0-560R,tht
128.1189,-78.0725,90.0,bottom,R8,,,R_Axial_DIN0204_L3.6mm_D1.6mm_P5.08mm_Horizontal,0-560R,tht
139.2051,-78.0725,90.0,bottom,R9,,,R_Axial_DIN0204_L3.6mm_D1.6mm_P5.08mm_Horizontal,0-560R,tht
113.5779,-67.613,0.0,top,SEG1,,,Sx39-1xxxxx,SC39-11EWA,tht
124.4364,-67.613,0.0,top,SEG2,,,Sx39-1xxxxx,SC39-11EWA,tht
135.275,-67.6169,0.0,top,SEG3,,,Sx39-1xxxxx,SC39-11EWA,tht
146.1192,-67.62,0.0,top,SEG4,,,Sx39-1xxxxx,SC39-11EWA,tht
157.0226,-67.62,0.0,top,SEG5,,,Sx39-1xxxxx,SC39-11EWA,tht
167.9109,-67.6194,0.0,top,SEG6,,,Sx39-1xxxxx,SC39-11EWA,tht
178.7738,-67.62,0.0,top,SEG7,,,Sx39-1xxxxx,SC39-11EWA,tht
185.275,-123.12,-90.0,top,SW1,,,SW_PUSH_6mm_H4.3mm,Reset,tht
186.275,-116.62,180.0,top,SW2,,,SW_DIP_SPSTx01_Slide_6.7x4.1mm_W7.62mm_P2.54mm_LowProfile,On/Off,tht
166.51,-118.38,-90.0,top,U1,,,DIP-28_W15.24mm,27C256,tht
125.75,-112.54,90.0,top,U2,,,DIP-40_W15.24mm_Socket,W65C02S,tht
174.0875,-126.62,0.0,top,U3,,,SOP-16_4.4x10.4mm_P1.27mm,74HC139,smt
149.83,-87.1825,-90.0,top,U4,,,SOP-28_8.4x18.16mm_P1.27mm,CY62256N,smt
115.24,-109.27,0.0,top,U5,,,DS1233,DS1233-15+,tht
130.585,-139.315,-90.0,top,U6,,,DIP-8_W7.62mm,MAX690xPA,tht
177.1,-87.27,-90.0,top,U7,,,SOIC-20W_7.5x12.8mm_P1.27mm,74HC273,smt
122.275,-86.97,-90.0,top,U8,,,SOIC-20W_7.5x12.8mm_P1.27mm,74HC273,smt
124.585,-134.24,90.0,top,X1,,,Oscillator_DIP-14,2MHz,tht
