﻿pos_x,pos_y,rotation,side,designator,mpn,pack,footprint,value,mount_type
136.5,-68.78,-90.0,bottom,BT1,,,BatteryHolder_Keystone_3xAA,BatteryHolder,tht
109.205,-123.5001,0.0,bottom,BT2,,,Battery_Panasonic_CR2032-HFN_Horizontal_CircularHoles,Battery Cell,tht
119.0,-88.75,-90.0,top,C1,,,C_Disc_D3.4mm_W2.1mm_P2.50mm,100pf,tht
182.0,-83.5,0.0,top,C2,,,CP_Radial_D8.0mm_P3.50mm,470uF,tht
131.5,-128.5,-90.0,top,C3,,,C_Disc_D4.7mm_W2.5mm_P5.00mm,0.1uF,tht
109.8473,-83.5,0.0,top,C4,,,CP_Radial_D8.0mm_P3.50mm,470uF,tht
131.5,-100.0,180.0,top,C5,,,C_Disc_D4.7mm_W2.5mm_P5.00mm,0.1uF,tht
176.5,-85.5,90.0,top,C6,,,C_Disc_D4.7mm_W2.5mm_P5.00mm,0.1uF,tht
170.8608,-111.8143,90.0,top,C7,,,C_Disc_D4.7mm_W2.5mm_P5.00mm,0.1uF,tht
154.5,-133.5,90.0,top,C8,,,C_Disc_D4.7mm_W2.5mm_P5.00mm,0.1uF,tht
174.5,-110.08,90.0,top,D1,,,D_DO-41_SOD81_P10.16mm_Horizontal,1N5817,tht
185.0,-89.34,-90.0,top,D2,,,D_DO-41_SOD81_P10.16mm_Horizontal,1N5817,tht
178.0,-89.42,-90.0,top,D3,,,D_DO-41_SOD81_P10.16mm_Horizontal,1N5817,tht
120.9465,-117.3413,180.0,top,D4,,,D_DO-35_SOD27_P7.62mm_Horizontal,1N4148,tht
164.296,-132.5,90.0,bottom,J1,,,Converter_DCDC_STepUp5V10.5x11_THT,5V DC-DC StepUp,tht
171.0,-133.04,0.0,bottom,J2,,,CH340N SOP8 USB-zu-TTL-Modul,CH340N SOP8 USB to TTL,tht
186.0,-115.58,180.0,top,J3,,,PinHeader_1x05_P2.54mm_Vertical,Connector,tht
131.0,-61.5,180.0,top,LED1,,,LED_D3.0mm,WHITE,tht
136.77,-61.5,180.0,top,LED2,,,LED_D3.0mm,RED,tht
142.77,-61.5,180.0,top,LED3,,,LED_D3.0mm,ORANGE,tht
148.77,-61.5,180.0,top,LED4,,,LED_D3.0mm,YELLOW,tht
154.77,-61.5,180.0,top,LED5,,,LED_D3.0mm,GREEN,tht
160.77,-61.5,180.0,top,LED6,,,LED_D3.0mm,BLUE,tht
166.27,-61.5,180.0,top,LED7,,,LED_D3.0mm,WHITE,tht
118.27,-61.5,180.0,top,LED8,,,LED_D3.0mm,Power,tht
138.4576,-108.924156,180.0,bottom,LuisLogo2,,,LuisLogoInv,LuisLogo,tht
180.5,-102.46,-90.0,top,R1,,,R_Axial_DIN0204_L3.6mm_D1.6mm_P5.08mm_Horizontal,10K,tht
148.0,-77.5,90.0,bottom,R10,,,R_Axial_DIN0204_L3.6mm_D1.6mm_P5.08mm_Horizontal,0-560R,tht
159.0,-77.58,90.0,bottom,R11,,,R_Axial_DIN0204_L3.6mm_D1.6mm_P5.08mm_Horizontal,0-560R,tht
170.5,-77.5,90.0,bottom,R12,,,R_Axial_DIN0204_L3.6mm_D1.6mm_P5.08mm_Horizontal,0-560R,tht
180.7512,-77.5,90.0,bottom,R13,,,R_Axial_DIN0204_L3.6mm_D1.6mm_P5.08mm_Horizontal,0-560R,tht
109.0,-74.54,90.0,top,R14,,,R_Axial_DIN0204_L3.6mm_D1.6mm_P5.08mm_Horizontal,1K2,tht
129.9,-91.54,90.0,top,R2,,,R_Axial_DIN0204_L3.6mm_D1.6mm_P5.08mm_Horizontal,3K3,tht
136.0,-91.54,90.0,top,R3,,,R_Axial_DIN0204_L3.6mm_D1.6mm_P5.08mm_Horizontal,3K3,tht
133.0,-86.46,-90.0,top,R4,,,R_Axial_DIN0204_L3.6mm_D1.6mm_P5.08mm_Horizontal,3K3,tht
181.5,-97.08,90.0,top,R5,,,R_Axial_DIN0204_L3.6mm_D1.6mm_P5.08mm_Horizontal,46R,tht
154.5,-120.46,-90.0,top,R6,,,R_Axial_DIN0204_L3.6mm_D1.6mm_P5.08mm_Horizontal,10K,tht
115.5553,-77.5,90.0,bottom,R7,,,R_Axial_DIN0204_L3.6mm_D1.6mm_P5.08mm_Horizontal,0-560R,tht
126.4138,-77.5,90.0,bottom,R8,,,R_Axial_DIN0204_L3.6mm_D1.6mm_P5.08mm_Horizontal,0-560R,tht
137.5,-77.5,90.0,bottom,R9,,,R_Axial_DIN0204_L3.6mm_D1.6mm_P5.08mm_Horizontal,0-560R,tht
111.8728,-67.0405,0.0,top,SEG1,,,Sx39-1xxxxx,SC39-11EWA,tht
122.7313,-67.0405,0.0,top,SEG2,,,Sx39-1xxxxx,SC39-11EWA,tht
133.5699,-67.0444,0.0,top,SEG3,,,Sx39-1xxxxx,SC39-11EWA,tht
144.4141,-67.0475,0.0,top,SEG4,,,Sx39-1xxxxx,SC39-11EWA,tht
155.3175,-67.0475,0.0,top,SEG5,,,Sx39-1xxxxx,SC39-11EWA,tht
166.2058,-67.0469,0.0,top,SEG6,,,Sx39-1xxxxx,SC39-11EWA,tht
177.0687,-67.0475,0.0,top,SEG7,,,Sx39-1xxxxx,SC39-11EWA,tht
118.0,-99.0,180.0,top,SW1,,,SW_PUSH_6mm_H4.3mm,Reset,tht
180.5,-115.4875,180.0,top,SW2,,,SW_DIP_SPSTx01_Slide_6.7x4.1mm_W7.62mm_P2.54mm_LowProfile,On/Off,tht
167.58,-101.0,-90.0,top,U1,,,DIP-28_W15.24mm,27C256,tht
124.74,-96.62,90.0,top,U2,,,DIP-40_W15.24mm_Socket,W65C02S,tht
151.095,-108.5875,90.0,bottom,U3,,,SOP-16_4.4x10.4mm_P1.27mm,74HC139,smt
143.5,-126.5,-90.0,top,U4,,,SOP-28_8.4x18.16mm_P1.27mm,CY62256N,smt
121.0,-82.25,180.0,top,U5,,,DS1233,DS1233-15+,tht
123.5,-120.0,-90.0,top,U6,,,DIP-8_W7.62mm,MAX690xPA,tht
161.675,-89.15,-90.0,bottom,U7,,,SOIC-20W_7.5x12.8mm_P1.27mm,74HC273,smt
145.2601,-89.158,90.0,bottom,U8,,,SOIC-20W_7.5x12.8mm_P1.27mm,74HC273,smt
111.88,-112.81,0.0,top,X1,,,Oscillator_DIP-14,2MHz,tht
